{
  "lstm": {
    "predictions": [
      395.293212890625,
      397.08892822265625,
      398.6358337402344,
      398.5172424316406,
      398.29913330078125,
      398.70782470703125,
      398.6514892578125,
      397.10919189453125,
      390.59039306640625,
      395.53814697265625,
      394.6396179199219,
      392.5396423339844,
      390.9183349609375,
      393.2478942871094,
      393.67254638671875,
      393.89642333984375,
      392.18994140625,
      389.1490478515625,
      385.3298034667969,
      380.9833679199219,
      380.4322204589844,
      379.28863525390625,
      381.3730773925781,
      382.86456298828125,
      381.9140319824219,
      380.3573303222656,
      379.2168273925781,
      378.226806640625,
      381.8775634765625,
      377.3041687011719,
      374.3282165527344,
      375.4762878417969,
      377.9335632324219,
      377.19732666015625,
      375.65478515625,
      377.935302734375,
      380.2696838378906,
      379.4609069824219,
      377.1167907714844,
      376.0066223144531,
      378.84588623046875,
      383.9159851074219,
      388.2209167480469,
      392.7988586425781,
      391.50811767578125,
      392.22369384765625,
      393.3450927734375,
      396.1773986816406,
      396.8960266113281,
      395.99139404296875,
      394.68353271484375,
      396.4222412109375,
      398.7459716796875,
      401.8223876953125,
      400.9062805175781,
      398.1965637207031,
      396.7500305175781,
      396.4697265625,
      396.5792236328125,
      396.0583190917969,
      397.9096374511719,
      400.5400695800781,
      403.2959289550781,
      408.2914123535156,
      409.6860656738281,
      413.63043212890625,
      418.2087097167969,
      419.3398742675781,
      416.8853454589844,
      416.4316711425781,
      415.4475402832031,
      412.4889831542969,
      409.3258972167969,
      411.8040466308594,
      418.690673828125,
      424.3625793457031,
      440.58154296875,
      445.65264892578125,
      449.8600158691406,
      447.780029296875,
      446.2176208496094,
      440.5937805175781,
      437.3606872558594,
      437.8338928222656,
      440.5596618652344,
      433.76043701171875,
      434.4650573730469,
      439.666015625,
      442.4999694824219,
      443.9608154296875
    ],
    "accuracy": 54.9,
    "actual": [
      278.41,
      277.92,
      274.49,
      271.34,
      269.56,
      267.53,
      263.97,
      252.84,
      264.23,
      260.64,
      258.88,
      258.21,
      263.9,
      264.63,
      266.92,
      266.32,
      264.27,
      260.76,
      255.89,
      256.58,
      253.8,
      256.67,
      257.32,
      254.16,
      250.87,
      248.3,
      246.04,
      252.65,
      243.21,
      240.15,
      243.15,
      247.42,
      246.34,
      245.42,
      251.29,
      255.4,
      254.04,
      250.79,
      249.4,
      253.62,
      260.28,
      265.21,
      271.07,
      267.39,
      269.34,
      270.67,
      274.58,
      274.36,
      272.4,
      270.21,
      272.83,
      275.11,
      278.67,
      275.6,
      271.33,
      269.29,
      267.99,
      266.87,
      264.84,
      267.46,
      270.4,
      273.57,
      280.71,
      281.09,
      287.82,
      294.24,
      295.48,
      293.45,
      295.87,
      296.11,
      293.11,
      289.88,
      294.58,
      303.25,
      308.2,
      329.0,
      328.98,
      333.9,
      331.26,
      332.49,
      327.85,
      327.47,
      330.12,
      333.56,
      321.81,
      323.93,
      328.97,
      329.02,
      328.8,
      321.18
    ],
    "dates": [
      "2025-10-02",
      "2025-10-03",
      "2025-10-06",
      "2025-10-07",
      "2025-10-08",
      "2025-10-09",
      "2025-10-10",
      "2025-10-13",
      "2025-10-14",
      "2025-10-15",
      "2025-10-16",
      "2025-10-17",
      "2025-10-20",
      "2025-10-21",
      "2025-10-22",
      "2025-10-23",
      "2025-10-24",
      "2025-10-27",
      "2025-10-28",
      "2025-10-29",
      "2025-10-30",
      "2025-10-31",
      "2025-11-03",
      "2025-11-04",
      "2025-11-05",
      "2025-11-06",
      "2025-11-07",
      "2025-11-10",
      "2025-11-11",
      "2025-11-12",
      "2025-11-13",
      "2025-11-14",
      "2025-11-17",
      "2025-11-18",
      "2025-11-19",
      "2025-11-20",
      "2025-11-21",
      "2025-11-24",
      "2025-11-25",
      "2025-11-26",
      "2025-11-27",
      "2025-11-28",
      "2025-12-01",
      "2025-12-02",
      "2025-12-03",
      "2025-12-04",
      "2025-12-05",
      "2025-12-08",
      "2025-12-09",
      "2025-12-10",
      "2025-12-11",
      "2025-12-12",
      "2025-12-15",
      "2025-12-16",
      "2025-12-17",
      "2025-12-18",
      "2025-12-19",
      "2025-12-22",
      "2025-12-23",
      "2025-12-24",
      "2025-12-26",
      "2025-12-29",
      "2025-12-30",
      "2025-12-31",
      "2026-01-01",
      "2026-01-02",
      "2026-01-05",
      "2026-01-06",
      "2026-01-07",
      "2026-01-08",
      "2026-01-09",
      "2026-01-12",
      "2026-01-13",
      "2026-01-14",
      "2026-01-15",
      "2026-01-16",
      "2026-01-19",
      "2026-01-20",
      "2026-01-21",
      "2026-01-22",
      "2026-01-23",
      "2026-01-26",
      "2026-01-27",
      "2026-01-28",
      "2026-01-29",
      "2026-01-30",
      "2026-02-02",
      "2026-02-03",
      "2026-02-04",
      "2026-02-06"
    ]
  },
  "xgboost": {
    "predictions": [
      116.06130981445312,
      113.41229248046875,
      111.99287414550781,
      110.56879425048828,
      110.90080261230469,
      110.56843566894531,
      110.56843566894531,
      109.80070495605469,
      110.56843566894531,
      110.56843566894531,
      110.56843566894531,
      110.56843566894531,
      110.56843566894531,
      110.56843566894531,
      109.83811950683594,
      109.83811950683594,
      109.83811950683594,
      109.83811950683594,
      110.56843566894531,
      109.83811950683594,
      110.73063659667969,
      111.97979736328125,
      109.83811950683594,
      109.83811950683594,
      110.56843566894531,
      110.56843566894531,
      109.60954284667969,
      110.56843566894531,
      110.56843566894531,
      110.56843566894531,
      110.56843566894531,
      110.56843566894531,
      109.83811950683594,
      110.56843566894531,
      111.02288818359375,
      110.8249282836914,
      111.00312042236328,
      111.00312042236328,
      110.8249282836914,
      111.97979736328125,
      113.45635986328125,
      112.79817199707031,
      113.51329803466797,
      113.51329803466797,
      113.51329803466797,
      112.14225006103516,
      113.5644302368164,
      113.07471466064453,
      112.58744049072266,
      109.80563354492188,
      113.40032196044922,
      113.51329803466797,
      113.08617401123047,
      112.14225006103516,
      113.45635986328125,
      111.97979736328125,
      111.01551818847656,
      110.8249282836914,
      110.68923950195312,
      110.72189331054688,
      110.71148681640625,
      110.8249282836914,
      112.13288879394531,
      113.41229248046875,
      109.80563354492188,
      117.80168914794922,
      108.61148071289062,
      117.80168914794922,
      113.07471466064453,
      113.08617401123047,
      113.07471466064453,
      113.51329803466797,
      113.08617401123047,
      113.08617401123047,
      113.08617401123047,
      113.08617401123047,
      113.08617401123047,
      113.08617401123047,
      113.08617401123047,
      113.08617401123047,
      112.14225006103516,
      113.51329803466797,
      113.51329803466797,
      113.5644302368164,
      117.83329010009766,
      112.58744049072266,
      112.58744049072266,
      117.83329010009766,
      109.80563354492188,
      110.67294311523438
    ],
    "accuracy": 40.6,