{
  "lstm": {
    "predictions": [
      361.5880126953125,
      362.1075439453125,
      362.0840759277344,
      359.50482177734375,
      355.876708984375,
      352.86016845703125,
      350.03729248046875,
      346.1483154296875,
      335.950927734375,
      339.7750549316406,
      339.3936767578125,
      337.9076843261719,
      336.5990905761719,
      340.3395690917969,
      342.8129577636719,
      345.6629638671875,
      346.431640625,
      345.06671142578125,
      341.610107421875,
      336.202880859375,
      334.2074279785156,
      331.3746337890625,
      332.34808349609375,
      333.4704895019531,
      331.6021728515625,
      328.0739440917969,
      324.376953125,
      320.9684753417969,
      324.6105651855469,
      319.3934631347656,
      314.30255126953125,
      314.1582946777344,
      317.6947021484375,
      318.7601623535156,
      318.4371032714844,
      322.6770324707031,
      327.94586181640625,
      329.3376770019531,
      327.22454833984375,
      324.9187927246094,
      327.0699157714844,
      333.4337158203125,
      340.34130859375,
      347.9185791015625,
      348.3710632324219,
      349.6373291015625,
      351.1094665527344,
      354.7886962890625,
      356.3700256347656,
      355.4974365234375,
      353.2727355957031,
      354.1702575683594,
      356.4510803222656,
      360.2975769042969,
      359.74462890625,
      356.0693054199219,
      352.6810302734375,
      350.1987609863281,
      348.3692626953125,
      346.1187438964844,
      347.1270446777344,
      349.962646484375,
      353.7537536621094,
      360.9047546386719,
      364.4403991699219,
      370.9091491699219,
      378.5744934082031,
      382.83441162109375,
      382.9593505859375,
      384.5560607910156,
      385.39288330078125,
      383.4947204589844,
      380.1408996582031,
      382.11285400390625,
      389.66534423828125,
      396.87420654296875,
      415.42706298828125,
      423.3958435058594,
      430.02288818359375,
      430.57037353515625,
      431.4569396972656,
      428.3802795410156,
      426.72637939453125,
      427.963134765625,
      431.07257080078125,
      423.9150390625,
      422.1568603515625,
      425.14569091796875,
      426.710693359375,
      427.2649841308594
    ],
    "accuracy": 70.3,
    "actual": [
      278.41,
      277.92,
      274.49,
      271.34,
      269.56,
      267.53,
      263.97,
      252.84,
      264.23,
      260.64,
      258.88,
      258.21,
      263.9,
      264.63,
      266.92,
      266.32,
      264.27,
      260.76,
      255.89,
      256.58,
      253.8,
      256.67,
      257.32,
      254.16,
      250.87,
      248.3,
      246.04,
      252.65,
      243.21,
      240.15,
      243.15,
      247.42,
      246.34,
      245.42,
      251.29,
      255.4,
      254.04,
      250.79,
      249.4,
      253.62,
      260.28,
      265.21,
      271.07,
      267.39,
      269.34,
      270.67,
      274.58,
      274.36,
      272.4,
      270.21,
      272.83,
      275.11,
      278.67,
      275.6,
      271.33,
      269.29,
      267.99,
      266.87,
      264.84,
      267.46,
      270.4,
      273.57,
      280.71,
      281.09,
      287.82,
      294.24,
      295.48,
      293.45,
      295.87,
      296.11,
      293.11,
      289.88,
      294.58,
      303.25,
      308.2,
      329.0,
      328.98,
      333.9,
      331.26,
      332.49,
      327.85,
      327.47,
      330.12,
      333.56,
      321.81,
      323.93,
      328.97,
      329.02,
      328.8,
      321.18
    ],
    "dates": [
      "2025-10-02",
      "2025-10-03",
      "2025-10-06",
      "2025-10-07",
      "2025-10-08",
      "2025-10-09",
      "2025-10-10",
      "2025-10-13",
      "2025-10-14",
      "2025-10-15",
      "2025-10-16",
      "2025-10-17",
      "2025-10-20",
      "2025-10-21",
      "2025-10-22",
      "2025-10-23",
      "2025-10-24",
      "2025-10-27",
      "2025-10-28",
      "2025-10-29",
      "2025-10-30",
      "2025-10-31",
      "2025-11-03",
      "2025-11-04",
      "2025-11-05",
      "2025-11-06",
      "2025-11-07",
      "2025-11-10",
      "2025-11-11",
      "2025-11-12",
      "2025-11-13",
      "2025-11-14",
      "2025-11-17",
      "2025-11-18",
      "2025-11-19",
      "2025-11-20",
      "2025-11-21",
      "2025-11-24",
      "2025-11-25",
      "2025-11-26",
      "2025-11-27",
      "2025-11-28",
      "2025-12-01",
      "2025-12-02",
      "2025-12-03",
      "2025-12-04",
      "2025-12-05",
      "2025-12-08",
      "2025-12-09",
      "2025-12-10",
      "2025-12-11",
      "2025-12-12",
      "2025-12-15",
      "2025-12-16",
      "2025-12-17",
      "2025-12-18",
      "2025-12-19",
      "2025-12-22",
      "2025-12-23",
      "2025-12-24",
      "2025-12-26",
      "2025-12-29",
      "2025-12-30",
      "2025-12-31",
      "2026-01-01",
      "2026-01-02",
      "2026-01-05",
      "2026-01-06",
      "2026-01-07",
      "2026-01-08",
      "2026-01-09",
      "2026-01-12",
      "2026-01-13",
      "2026-01-14",
      "2026-01-15",
      "2026-01-16",
      "2026-01-19",
      "2026-01-20",
      "2026-01-21",
      "2026-01-22",
      "2026-01-23",
      "2026-01-26",
      "2026-01-27",
      "2026-01-28",
      "2026-01-29",
      "2026-01-30",
      "2026-02-02",
      "2026-02-03",
      "2026-02-04",
      "2026-02-06"
    ]
  },