{
  "lstm": {
    "predictions": [
      366.99481201171875,
      367.4923400878906,
      367.48236083984375,
      364.85565185546875,
      361.10382080078125,
      357.9510803222656,
      355.0108642578125,
      350.99395751953125,
      340.526123046875,
      344.24078369140625,
      343.9163818359375,
      342.420166015625,
      341.0701904296875,
      344.85009765625,
      347.4307556152344,
      350.3832702636719,
      351.2168884277344,
      349.8316955566406,
      346.26824951171875,
      340.67626953125,
      338.53057861328125,
      335.6015625,
      336.5544128417969,
      337.73040771484375,
      335.8658447265625,
      332.24884033203125,
      328.41729736328125,
      324.8731994628906,
      328.5135192871094,
      323.2702331542969,
      318.0225524902344,
      317.7856750488281,
      321.36627197265625,
      322.5138854980469,
      322.2177734375,
      326.52496337890625,
      331.94854736328125,
      333.4571533203125,
      331.3293151855469,
      328.9305419921875,
      331.0581970214844,
      337.5619812011719,
      344.7221374511719,
      352.5923156738281,
      353.20928955078125,
      354.503662109375,
      356.00286865234375,
      359.7688293457031,
      361.4582824707031,
      360.6148681640625,
      358.33514404296875,
      359.2042541503906,
      361.54449462890625,
      365.52423095703125,
      365.052490234375,
      361.30120849609375,
      357.76580810546875,
      355.155029296875,
      353.23797607421875,
      350.9163818359375,
      351.91595458984375,
      354.83709716796875,
      358.76788330078125,
      366.14166259765625,
      369.89385986328125,
      376.5711669921875,
      384.52838134765625,
      389.04437255859375,
      389.2605285644531,
      390.88421630859375,
      391.76025390625,
      389.83319091796875,
      386.3629455566406,
      388.31243896484375,
      396.09490966796875,
      403.673583984375,
      422.88714599609375,
      431.5472717285156,
      438.5702209472656,
      439.26983642578125,
      440.1602783203125,
      436.9986572265625,
      435.2294616699219,
      436.4833068847656,
      439.74383544921875,
      432.4771728515625,
      430.4870300292969,
      433.4976501464844,
      435.19482421875,
      435.83380126953125
    ],
    "accuracy": 68.4,
    "actual": [
      278.41,
      277.92,
      274.49,
      271.34,
      269.56,
      267.53,
      263.97,
      252.84,
      264.23,
      260.64,
      258.88,
      258.21,
      263.9,
      264.63,
      266.92,
      266.32,
      264.27,
      260.76,
      255.89,
      256.58,
      253.8,
      256.67,
      257.32,
      254.16,
      250.87,
      248.3,
      246.04,
      252.65,
      243.21,
      240.15,
      243.15,
      247.42,
      246.34,
      245.42,
      251.29,
      255.4,
      254.04,
      250.79,
      249.4,
      253.62,
      260.28,
      265.21,
      271.07,
      267.39,
      269.34,
      270.67,
      274.58,
      274.36,
      272.4,
      270.21,
      272.83,
      275.11,
      278.67,
      275.6,
      271.33,
      269.29,
      267.99,
      266.87,
      264.84,
      267.46,
      270.4,
      273.57,
      280.71,
      281.09,
      287.82,
      294.24,
      295.48,
      293.45,
      295.87,
      296.11,
      293.11,
      289.88,
      294.58,
      303.25,
      308.2,
      329.0,
      328.98,
      333.9,
      331.26,
      332.49,
      327.85,
      327.47,
      330.12,
      333.56,
      321.81,
      323.93,
      328.97,
      329.02,
      328.8,
      321.18
    ],
    "dates": [
      "2025-10-02",
      "2025-10-03",
      "2025-10-06",
      "2025-10-07",
      "2025-10-08",
      "2025-10-09",
      "2025-10-10",
      "2025-10-13",
      "2025-10-14",
      "2025-10-15",
      "2025-10-16",
      "2025-10-17",
      "2025-10-20",
      "2025-10-21",
      "2025-10-22",
      "2025-10-23",
      "2025-10-24",
      "2025-10-27",
      "2025-10-28",
      "2025-10-29",
      "2025-10-30",
      "2025-10-31",
      "2025-11-03",
      "2025-11-04",
      "2025-11-05",
      "2025-11-06",
      "2025-11-07",
      "2025-11-10",
      "2025-11-11",
      "2025-11-12",
      "2025-11-13",
      "2025-11-14",
      "2025-11-17",
      "2025-11-18",
      "2025-11-19",
      "2025-11-20",
      "2025-11-21",
      "2025-11-24",
      "2025-11-25",
      "2025-11-26",
      "2025-11-27",
      "2025-11-28",
      "2025-12-01",
      "2025-12-02",
      "2025-12-03",
      "2025-12-04",
      "2025-12-05",
      "2025-12-08",
      "2025-12-09",
      "2025-12-10",
      "2025-12-11",
      "2025-12-12",
      "2025-12-15",
      "2025-12-16",
      "2025-12-17",
      "2025-12-18",
      "2025-12-19",
      "2025-12-22",
      "2025-12-23",
      "2025-12-24",
      "2025-12-26",
      "2025-12-29",
      "2025-12-30",
      "2025-12-31",
      "2026-01-01",
      "2026-01-02",
      "2026-01-05",
      "2026-01-06",
      "2026-01-07",
      "2026-01-08",
      "2026-01-09",
      "2026-01-12",
      "2026-01-13",
      "2026-01-14",
      "2026-01-15",
      "2026-01-16",
      "2026-01-19",
      "2026-01-20",
      "2026-01-21",
      "2026-01-22",
      "2026-01-23",
      "2026-01-26",
      "2026-01-27",
      "2026-01-28",
      "2026-01-29",
      "2026-01-30",
      "2026-02-02",
      "2026-02-03",
      "2026-02-04",
      "2026-02-06"
    ]
  },
  "xgboost": {
    "predictions": [
      116.06130981445312,
      113.41229248046875,
      111.99287414550781,
      110.56879425048828,
      110.90080261230469,
      110.56843566894531,
      110.56843566894531,
      109.80070495605469,
      110.56843566894531,
      110.56843566894531,
      110.56843566894531,
      110.56843566894531,
      110.56843566894531,
      110.56843566894531,
      109.83811950683594,
      109.83811950683594,
      109.83811950683594,
      109.83811950683594,
      110.56843566894531,
      109.83811950683594,
      110.73063659667969,
      111.97979736328125,
      109.83811950683594,
      109.83811950683594,
      110.56843566894531,
      110.56843566894531,
      109.60954284667969,
      110.56843566894531,
      110.56843566894531,
      110.56843566894531,
      110.56843566894531,
      110.56843566894531,
      109.83811950683594,
      110.56843566894531,
      111.02288818359375,
      110.8249282836914,
      111.00312042236328,
      111.00312042236328,
      110.8249282836914,
      111.97979736328125,
      113.45635986328125,
      112.79817199707031,
      113.51329803466797,
      113.51329803466797,
      113.51329803466797,
      112.14225006103516,
      113.5644302368164,
      113.07471466064453,
      112.58744049072266,
      109.80563354492188,
      113.40032196044922,
      113.51329803466797,
      113.08617401123047,
      112.14225006103516,
      113.45635986328125,
      111.97979736328125,
      111.01551818847656,
      110.8249282836914,
      110.68923950195312,
      110.72189331054688,
      110.71148681640625,
      110.8249282836914,
      112.13288879394531,
      113.41229248046875,
      109.80563354492188,
      117.80168914794922,
      108.61148071289062,
      117.80168914794922,
      113.07471466064453,
      113.08617401123047,
      113.07471466064453,
      113.51329803466797,
      113.08617401123047,
      113.08617401123047,
      113.08617401123047,
      113.08617401123047,
      113.08617401123047,
      113.08617401123047,
      113.08617401123047,
      113.08617401123047,
      112.14225006103516,
      113.51329803466797,
      113.51329803466797,
      113.5644302368164,
      117.83329010009766,
      112.58744049072266,
      112.58744049072266,
      117.83329010009766,
      109.80563354492188,
      110.67294311523438
    ],
    "accuracy": 40.6,