{
  "lstm": {
    "predictions": [
      395.293212890625,
      397.0888977050781,
      398.6358337402344,
      398.5172424316406,
      398.29913330078125,
      398.70782470703125,
      398.6515197753906,
      397.1092224121094,
      390.59039306640625,
      395.5380859375,
      394.6396179199219,
      392.5396423339844,
      390.9183654785156,
      393.2479553222656,
      393.6725158691406,
      393.8963928222656,
      392.19000244140625,
      389.1490173339844,
      385.32977294921875,
      380.9833679199219,
      380.4322204589844,
      379.2886047363281,
      381.3731384277344,
      382.86456298828125,
      381.9140625,
      380.3573913574219,
      379.216796875,
      378.226806640625,
      381.8775939941406,
      377.3042297363281,
      374.32818603515625,
      375.4762878417969,
      377.93359375,
      377.19732666015625,
      375.65478515625,
      377.935302734375,
      380.2696228027344,
      379.4609069824219,
      377.1168212890625,
      376.00665283203125,
      378.84588623046875,
      383.9159851074219,
      388.22088623046875,
      392.798828125,
      391.5081787109375,
      392.2236633300781,
      393.34515380859375,
      396.17742919921875,
      396.8960266113281,
      395.99139404296875,
      394.6836242675781,
      396.4222412109375,
      398.7460021972656,
      401.82232666015625,
      400.9061584472656,
      398.19647216796875,
      396.7501220703125,
      396.4697570800781,
      396.5791931152344,
      396.0583190917969,
      397.90960693359375,
      400.5400695800781,
      403.2958984375,
      408.2913818359375,
      409.68603515625,
      413.63043212890625,
      418.20867919921875,
      419.33978271484375,
      416.8853454589844,
      416.4316101074219,
      415.4474792480469,
      412.4889831542969,
      409.32586669921875,
      411.80401611328125,
      418.69061279296875,
      424.3625793457031,
      440.5815124511719,
      445.6526184082031,
      449.8599853515625,
      447.77996826171875,
      446.2176818847656,
      440.5937805175781,
      437.3607482910156,
      437.8338928222656,
      440.5596618652344,
      433.76043701171875,
      434.4650573730469,
      439.6659851074219,
      442.4999694824219,
      443.9607849121094
    ],
    "directional_accuracy_percent": 54.9,
    "metric_notes": "Directional Accuracy: % of days where (Pred_t - Actual_t-1) had same sign as (Actual_t - Actual_t-1)",
    "actual": [
      278.41,
      277.92,
      274.49,
      271.34,
      269.56,
      267.53,
      263.97,
      252.84,
      264.23,
      260.64,
      258.88,
      258.21,
      263.9,
      264.63,
      266.92,
      266.32,
      264.27,
      260.76,
      255.89,
      256.58,
      253.8,
      256.67,
      257.32,
      254.16,
      250.87,
      248.3,
      246.04,
      252.65,
      243.21,
      240.15,
      243.15,
      247.42,
      246.34,
      245.42,
      251.29,
      255.4,
      254.04,
      250.79,
      249.4,
      253.62,
      260.28,
      265.21,
      271.07,
      267.39,
      269.34,
      270.67,
      274.58,
      274.36,
      272.4,
      270.21,
      272.83,
      275.11,
      278.67,
      275.6,
      271.33,
      269.29,
      267.99,
      266.87,
      264.84,
      267.46,
      270.4,
      273.57,
      280.71,
      281.09,
      287.82,
      294.24,
      295.48,
      293.45,
      295.87,
      296.11,
      293.11,
      289.88,
      294.58,
      303.25,
      308.2,
      329.0,
      328.98,
      333.9,
      331.26,
      332.49,
      327.85,
      327.47,
      330.12,
      333.56,
      321.81,
      323.93,
      328.97,
      329.02,
      328.8,
      321.18
    ],
    "dates": [
      "2025-10-02",
      "2025-10-03",
      "2025-10-06",
      "2025-10-07",
      "2025-10-08",
      "2025-10-09",
      "2025-10-10",
      "2025-10-13",
      "2025-10-14",
      "2025-10-15",
      "2025-10-16",
      "2025-10-17",
      "2025-10-20",
      "2025-10-21",
      "2025-10-22",
      "2025-10-23",
      "2025-10-24",
      "2025-10-27",
      "2025-10-28",
      "2025-10-29",
      "2025-10-30",
      "2025-10-31",
      "2025-11-03",
      "2025-11-04",
      "2025-11-05",
      "2025-11-06",
      "2025-11-07",
      "2025-11-10",
      "2025-11-11",
      "2025-11-12",
      "2025-11-13",
      "2025-11-14",
      "2025-11-17",
      "2025-11-18",
      "2025-11-19",
      "2025-11-20",
      "2025-11-21",
      "2025-11-24",
      "2025-11-25",
      "2025-11-26",
      "2025-11-27",
      "2025-11-28",
      "2025-12-01",
      "2025-12-02",
      "2025-12-03",
      "2025-12-04",
      "2025-12-05",
      "2025-12-08",
      "2025-12-09",
      "2025-12-10",
      "2025-12-11",
      "2025-12-12",
      "2025-12-15",
      "2025-12-16",
      "2025-12-17",
      "2025-12-18",
      "2025-12-19",
      "2025-12-22",
      "2025-12-23",
      "2025-12-24",
      "2025-12-26",
      "2025-12-29",
      "2025-12-30",
      "2025-12-31",
      "2026-01-01",
      "2026-01-02",
      "2026-01-05",
      "2026-01-06",
      "2026-01-07",
      "2026-01-08",
      "2026-01-09",
      "2026-01-12",
      "2026-01-13",
      "2026-01-14",
      "2026-01-15",
      "2026-01-16",
      "2026-01-19",
      "2026-01-20",
      "2026-01-21",
      "2026-01-22",
      "2026-01-23",
      "2026-01-26",
      "2026-01-27",
      "2026-01-28",
      "2026-01-29",
      "2026-01-30",
      "2026-02-02",
      "2026-02-03",
      "2026-02-04",
      "2026-02-06"
    ]
  },